Player,Tm,Age,Pos,G,GS,Tgt,Rec,Yds,Y/R,TD,Lng,R/G,Y/G,Ctch%,Y/Tgt,Att,Yds,TD,Lng,Y/A,Y/G,A/G,Touch,Y/Tch,YScm,RRTD,Fmb
Christian McCaffrey,CAR,23,RB,12,12,96,75,644,8.6,4,25,6.3,53.7,78.10%,6.7,235,1167,12,84,5,97.3,19.6,310,5.8,1811,16,1
Dalvin Cook,MIN,24,RB,12,12,58,48,490,10.2,0,31,4,40.8,82.80%,8.4,223,1046,12,75,4.7,87.2,18.6,271,5.7,1536,12,4
Leonard Fournette,JAX,24,RB,12,12,81,65,444,6.8,0,27,5.4,37,80.20%,5.5,220,989,3,81,4.5,82.4,18.3,285,5,1433,3,1
Nick Chubb,CLE,24,RB,12,12,42,31,245,7.9,0,32,2.6,20.4,73.80%,5.8,238,1175,7,88,4.9,97.9,19.8,269,5.3,1420,7,3
Derrick Henry,TEN,25,RB,12,12,22,17,200,11.8,2,75,1.4,16.7,77.30%,9.1,232,1140,11,74,4.9,95,19.3,249,5.4,1340,13,5
Ezekiel Elliott,DAL,24,RB,12,12,50,39,326,8.4,1,27,3.3,27.2,78.00%,6.5,227,990,7,30,4.4,82.5,18.9,266,4.9,1316,8,3
Michael Thomas,NOR,26,WR,12,11,132,110,1290,11.7,6,42,9.2,107.5,83.30%,9.8,1,-9,0,-9,-9,-0.8,0.1,111,11.5,1281,6,0
Chris Carson,SEA,25,RB,12,12,40,32,227,7.1,2,21,2.7,18.9,80.00%,5.7,231,981,5,59,4.2,81.8,19.3,263,4.6,1208,7,7
Josh Jacobs,OAK,21,RB,12,12,24,18,146,8.1,0,28,1.5,12.2,75.00%,6.1,218,1061,7,51,4.9,88.4,18.2,236,5.1,1207,7,1
Chris Godwin,TAM,23,WR,12,12,104,74,1121,15.1,9,71,6.2,93.4,71.20%,10.8,1,8,0,8,8,0.7,0.1,75,15.1,1129,9,0
Austin Ekeler,LAC,24,RB,12,6,79,69,718,10.4,7,55,5.8,59.8,87.30%,9.1,104,380,3,19,3.7,31.7,8.7,173,6.3,1098,10,2
Mike Evans,TAM,26,WR,12,12,116,66,1096,16.6,7,67,5.5,91.3,56.90%,9.4,,,,,,,,66,16.6,1096,7,0
Alvin Kamara,NOR,24,RB,10,7,76,64,444,6.9,1,41,6.4,44.4,84.20%,5.8,125,587,1,30,4.7,58.7,12.5,189,5.5,1031,2,3
Aaron Jones,GNB,25,RB,12,12,52,39,367,9.4,3,67,3.3,30.6,75.00%,7.1,159,645,11,28,4.1,53.8,13.3,198,5.1,1012,14,2
D.J. Moore,CAR,22,WR,12,12,115,74,980,13.2,4,52,6.2,81.7,64.30%,8.5,4,30,0,13,7.5,2.5,0.3,78,12.9,1010,4,1
Mark Ingram,BAL,30,RB,12,12,22,20,172,8.6,3,25,1.7,14.3,90.90%,7.8,166,837,9,53,5,69.8,13.8,186,5.4,1009,12,2
LeVeon Bell,NYJ,27,RB,12,12,67,55,403,7.3,1,23,4.6,33.6,82.10%,6,183,589,3,19,3.2,49.1,15.3,238,4.2,992,4,1
Lamar Jackson,BAL,22,QB,12,12,0,0,0,,0,0,0,0,0.00%,,140,977,7,47,7,81.4,11.7,140,7,977,7,6
Amari Cooper,DAL,25,WR,12,12,92,64,971,15.2,7,53,5.3,80.9,69.60%,10.6,,,,,,,,64,15.2,971,7,0
Stefon Diggs,MIN,26,WR,12,12,74,50,905,18.1,5,66,4.2,75.4,67.60%,12.2,4,57,0,27,14.3,4.8,0.3,54,17.8,962,5,4
Kenny Golladay,DET,26,WR,12,12,85,47,950,20.2,9,75,3.9,79.2,55.30%,11.2,,,,,,,,47,20.2,950,9,1
Cooper Kupp,LAR,26,WR,12,11,110,73,945,12.9,6,66,6.1,78.8,66.40%,8.6,2,4,0,6,2,0.3,0.2,75,12.7,949,6,2
Phillip Lindsay,DEN,25,RB,12,12,40,31,183,5.9,0,36,2.6,15.3,77.50%,4.6,164,766,5,40,4.7,63.8,13.7,195,4.9,949,5,0
Julio Jones,ATL,30,WR,11,11,101,64,950,14.8,4,54,5.8,86.4,63.40%,9.4,2,-3,0,1,-1.5,-0.3,0.2,66,14.3,947,4,1
Marlon Mack,IND,23,RB,10,8,14,12,76,6.3,0,14,1.2,7.6,85.70%,5.4,192,862,4,63,4.5,86.2,19.2,204,4.6,938,4,0
Julian Edelman,NWE,33,WR,12,10,124,82,915,11.2,5,44,6.8,76.3,66.10%,7.4,7,19,0,9,2.7,1.6,0.6,89,10.5,934,5,2
Jarvis Landry,CLE,27,WR,12,12,108,65,919,14.1,5,65,5.4,76.6,60.20%,8.5,1,10,0,10,10,0.8,0.1,66,14.1,929,5,0
Travis Kelce,KAN,30,TE,12,12,100,68,923,13.6,4,47,5.7,76.9,68.00%,9.2,,,,,,,,68,13.6,923,4,0
Courtland Sutton,DEN,24,WR,12,10,89,54,906,16.8,6,70,4.5,75.5,60.70%,10.2,3,17,0,9,5.7,1.4,0.3,57,16.2,923,6,1
DeAndre Hopkins,HOU,27,WR,12,12,120,86,903,10.5,6,38,7.2,75.3,71.70%,7.5,1,6,0,6,6,0.5,0.1,87,10.4,909,6,0
Robert Woods,LAR,27,WR,11,11,99,64,835,13,0,48,5.8,75.9,64.60%,8.4,12,71,1,20,5.9,6.5,1.1,76,11.9,906,1,0
DJ Chark,JAX,23,WR,12,11,96,58,881,15.2,8,69,4.8,73.4,60.40%,9.2,2,20,0,20,10,1.7,0.2,60,15,901,8,0
John Brown,BUF,29,WR,12,12,93,61,882,14.5,5,40,5.1,73.5,65.60%,9.5,1,4,0,4,4,0.3,0.1,62,14.3,886,5,0
Keenan Allen,LAC,27,WR,12,12,113,76,864,11.4,5,36,6.3,72,67.30%,7.6,2,21,0,18,10.5,1.8,0.2,78,11.3,885,5,0
Carlos Hyde,HOU,29,RB,12,11,12,7,27,3.9,0,14,0.6,2.3,58.30%,2.3,184,853,4,58,4.6,71.1,15.3,191,4.6,880,4,4
Miles Sanders,PHI,22,RB,12,7,41,32,359,11.2,2,45,2.7,29.9,78.00%,8.8,116,520,1,65,4.5,43.3,9.7,148,5.9,879,3,2
DeVante Parker,MIA,26,WR,12,10,93,53,854,16.1,6,50,4.4,71.2,57.00%,9.2,,,,,,,,53,16.1,854,6,0
Allen Robinson,CHI,26,WR,12,11,108,71,850,12,5,49,5.9,70.8,65.70%,7.9,,,,,,,,71,12,850,5,0
Saquon Barkley,NYG,22,RB,9,9,56,38,291,7.7,1,65,4.2,32.3,67.90%,5.2,137,544,2,59,4,60.4,15.2,175,4.8,835,3,1
Joe Mixon,CIN,23,RB,12,11,35,26,190,7.3,3,33,2.2,15.8,74.30%,5.4,183,643,2,30,3.5,53.6,15.3,209,4,833,5,0
Tyler Lockett,SEA,27,WR,12,12,81,63,831,13.2,6,44,5.3,69.3,77.80%,10.3,4,-5,0,3,-1.3,-0.4,0.3,67,12.3,826,6,0
Calvin Ridley,ATL,25,WR,12,9,88,58,790,13.6,6,36,4.8,65.8,65.90%,9,2,34,0,19,17,2.8,0.2,60,13.7,824,6,0
Odell Beckham,CLE,27,WR,12,12,103,57,805,14.1,2,89,4.8,67.1,55.30%,7.8,3,10,0,11,3.3,0.8,0.3,60,13.6,815,2,1
Darren Waller,OAK,27,TE,12,12,87,66,807,12.2,3,48,5.5,67.3,75.90%,9.3,2,5,0,7,2.5,0.4,0.2,68,11.9,812,3,0
Michael Gallup,DAL,23,WR,10,9,81,49,796,16.2,3,62,4.9,79.6,60.50%,9.8,,,,,,,,49,16.2,796,3,0
Mike Williams,LAC,25,WR,11,11,69,38,778,20.5,0,56,3.5,70.7,55.10%,11.3,1,2,0,2,2,0.2,0.1,39,20,780,0,0
Todd Gurley,LAR,25,RB,11,11,35,22,134,6.1,1,23,2,12.2,62.90%,3.8,154,642,8,25,4.2,58.4,14,176,4.4,776,9,3
Tyler Boyd,CIN,25,WR,12,12,113,68,758,11.1,3,47,5.7,63.2,60.20%,6.7,3,16,0,10,5.3,1.3,0.3,71,10.9,774,3,2
David Montgomery,CHI,22,RB,12,7,32,23,173,7.5,1,30,1.9,14.4,71.90%,5.4,172,594,5,55,3.5,49.5,14.3,195,3.9,767,6,1
Marvin Jones,DET,29,WR,12,10,84,59,741,12.6,9,47,4.9,61.8,70.20%,8.8,2,0,0,4,0,0,0.2,61,12.1,741,9,0
Adrian Peterson,WAS,34,RB,11,11,14,11,98,8.9,0,22,1,8.9,78.60%,7,147,642,2,29,4.4,58.4,13.4,158,4.7,740,2,1
Zach Ertz,PHI,29,TE,12,12,106,70,736,10.5,3,26,5.8,61.3,66.00%,6.9,,,,,,,,70,10.5,736,3,1
James White,NWE,27,rb,11,1,76,57,512,9,3,59,5.2,46.5,75.00%,6.7,53,208,1,32,3.9,18.9,4.8,110,6.5,720,4,0
Sony Michel,NWE,24,RB,12,10,15,9,74,8.2,0,19,0.8,6.2,60.00%,4.9,184,645,6,26,3.5,53.8,15.3,193,3.7,719,6,1
Devonta Freeman,ATL,27,RB,10,10,49,42,295,7,3,28,4.2,29.5,85.70%,6,124,422,0,28,3.4,42.2,12.4,166,4.3,717,3,3
D.K. Metcalf,SEA,22,WR,12,11,77,44,705,16,5,54,3.7,58.8,57.10%,9.2,2,11,0,7,5.5,0.9,0.2,46,15.6,716,5,3
Devin Singletary,BUF,22,rb,9,5,29,20,161,8.1,2,49,2.2,17.9,69.00%,5.6,98,553,2,26,5.6,61.4,10.9,118,6.1,714,4,2
George Kittle,SFO,26,TE,10,10,67,54,687,12.7,3,61,5.4,68.7,80.60%,10.3,4,15,0,18,3.8,1.5,0.4,58,12.1,702,3,0
Ronald Jones,TAM,22,rb,12,5,26,21,218,10.4,0,41,1.8,18.2,80.80%,8.4,125,482,5,25,3.9,40.2,10.4,146,4.8,700,5,1
Mark Andrews,BAL,23,te,12,3,79,53,693,13.1,7,51,4.4,57.8,67.10%,8.8,,,,,,,,53,13.1,693,7,2
Kenyan Drake,ARI,25,RB,10,6,56,40,265,6.6,0,26,4,26.5,71.40%,4.7,101,417,1,36,4.1,41.7,10.1,141,4.8,682,1,2
Duke Johnson,HOU,26,rb,12,1,41,30,294,9.8,3,21,2.5,24.5,73.20%,7.2,74,385,1,40,5.2,32.1,6.2,104,6.5,679,4,0
Raheem Mostert,SFO,27,RB,12,0,15,10,119,11.9,1,39,0.8,9.9,66.70%,7.9,92,539,3,41,5.9,44.9,7.7,102,6.5,658,4,1
Royce Freeman,DEN,23,RB,12,0,41,34,217,6.4,0,19,2.8,18.1,82.90%,5.3,108,436,2,26,4,36.3,9,142,4.6,653,2,0
Matt Breida,SFO,24,rb,9,5,18,16,110,6.9,1,17,1.8,12.2,88.90%,6.1,109,542,1,83,5,60.2,12.1,125,5.2,652,2,0
Larry Fitzgerald,ARI,36,WR,12,12,83,61,649,10.6,3,54,5.1,54.1,73.50%,7.8,,,,,,,,61,10.6,649,3,1
David Johnson,ARI,28,RB,10,8,44,33,332,10.1,3,31,3.3,33.2,75.00%,7.5,86,317,2,18,3.7,31.7,8.6,119,5.5,649,5,1
Terry McLaurin,WAS,23,WR,11,11,72,42,646,15.4,5,69,3.8,58.7,58.30%,9,,,,,,,,42,15.4,646,5,0
Randall Cobb,DAL,29,wr,11,4,63,42,634,15.1,3,59,3.8,57.6,66.70%,10.1,3,11,0,7,3.7,1,0.3,45,14.3,645,3,2
Davante Adams,GNB,27,WR,8,8,79,52,644,12.4,3,58,6.5,80.5,65.80%,8.2,,,,,,,,52,12.4,644,3,1
Frank Gore,BUF,36,RB,12,7,12,10,84,8.4,0,18,0.8,7,83.30%,7,146,552,2,41,3.8,46,12.2,156,4.1,636,2,0
Cole Beasley,BUF,30,WR,12,8,81,55,635,11.5,5,51,4.6,52.9,67.90%,7.8,,,,,,,,55,11.5,635,5,0
James Conner,PIT,24,RB,8,8,33,30,242,8.1,2,26,3.8,30.3,90.90%,7.3,102,390,4,25,3.8,48.8,12.8,132,4.8,632,6,1
Latavius Murray,NOR,29,RB,12,6,33,27,165,6.1,1,17,2.3,13.8,81.80%,5,106,464,5,30,4.4,38.7,8.8,133,4.7,629,6,0
Tevin Coleman,SFO,26,RB,10,7,27,20,173,8.7,1,37,2,17.3,74.10%,6.4,120,454,6,48,3.8,45.4,12,140,4.5,627,7,0
Curtis Samuel,CAR,23,WR,12,11,85,43,541,12.6,5,44,3.6,45.1,50.60%,6.4,10,86,1,16,8.6,7.2,0.8,53,11.8,627,6,0
Chris Conley,JAX,27,WR,12,10,68,37,625,16.9,2,70,3.1,52.1,54.40%,9.2,,,,,,,,37,16.9,625,2,0
A.J. Brown,TEN,22,WR,12,7,54,34,626,18.4,4,65,2.8,52.2,63.00%,11.6,1,-2,0,-2,-2,-0.2,0.1,35,17.8,624,4,1
Deebo Samuel,SFO,23,WR,11,7,59,42,564,13.4,3,42,3.8,51.3,71.20%,9.6,6,57,1,20,9.5,5.2,0.5,48,12.9,621,4,1
Emmanuel Sanders,SFO,32,WR,13,12,74,51,617,12.1,4,53,3.9,47.5,68.90%,8.3,,,,,,,,51,12.1,617,4,0
Tyreek Hill,KAN,25,WR,8,8,64,38,598,15.7,5,57,4.8,74.8,59.40%,9.3,5,14,0,5,2.8,1.8,0.6,43,14.2,612,5,0
Austin Hooper,ATL,25,TE,9,8,67,56,608,10.9,6,35,6.2,67.6,83.60%,9.1,,,,,,,,56,10.9,608,6,0
Jamaal Williams,GNB,24,rb,11,2,41,36,227,6.3,5,17,3.3,20.6,87.80%,5.5,86,377,1,45,4.4,34.3,7.8,122,5,604,6,0
Will Fuller,HOU,25,WR,9,9,62,42,598,14.2,3,54,4.7,66.4,67.70%,9.6,,,,,,,,42,14.2,598,3,1
Jordan Howard,PHI,25,rb,9,4,14,10,69,6.9,1,20,1.1,7.7,71.40%,4.9,119,525,6,20,4.4,58.3,13.2,129,4.6,594,7,0
Jamison Crowder,NYJ,26,WR,12,8,86,57,588,10.3,3,30,4.8,49,66.30%,6.8,1,4,0,4,4,0.3,0.1,58,10.2,592,3,0
Melvin Gordon,LAC,26,RB,8,8,29,20,123,6.2,1,25,2.5,15.4,69.00%,4.2,120,468,4,24,3.9,58.5,15,140,4.2,591,5,2
LeSean McCoy,KAN,31,RB,11,7,31,27,177,6.6,1,23,2.5,16.1,87.10%,5.7,84,410,4,39,4.9,37.3,7.6,111,5.3,587,5,3
James Washington,PIT,23,WR,11,6,54,30,578,19.3,3,79,2.7,52.5,55.60%,10.7,,,,,,,,30,19.3,578,3,1
Christian Kirk,ARI,23,WR,9,9,79,49,531,10.8,3,69,5.4,59,62.00%,6.7,5,46,0,19,9.2,5.1,0.6,54,10.7,577,3,0
Dede Westbrook,JAX,26,WR,11,9,78,49,544,11.1,2,39,4.5,49.5,62.80%,7,4,20,0,8,5,1.8,0.4,53,10.6,564,2,1
Auden Tate,CIN,22,WR,11,10,76,39,559,14.3,1,33,3.5,50.8,51.30%,7.4,,,,,,,,39,14.3,559,1,1
Greg Olsen,CAR,34,TE,12,12,71,48,552,11.5,2,41,4,46,67.60%,7.8,,,,,,,,48,11.5,552,2,0
Sammy Watkins,KAN,26,WR,10,9,71,42,538,12.8,3,68,4.2,53.8,59.20%,7.6,2,12,0,11,6,1.2,0.2,44,12.5,550,3,2
Robby Anderson,NYJ,26,WR,12,11,68,36,546,15.2,3,92,3,45.5,52.90%,8,,,,,,,,36,15.2,546,3,0
JuJu Smith-Schuster,PIT,23,WR,10,10,60,38,524,13.8,3,76,3.8,52.4,63.30%,8.7,,,,,,,,38,13.8,524,3,1
Marquise Brown,BAL,22,WR,10,8,60,36,520,14.4,6,83,3.6,52,60.00%,8.7,,,,,,,,36,14.4,520,6,0
Brandin Cooks,LAR,26,WR,10,10,51,31,458,14.8,1,57,3.1,45.8,60.80%,9,6,52,0,27,8.7,5.2,0.6,37,13.8,510,1,0
Danny Amendola,DET,34,WR,11,6,69,45,505,11.2,1,47,4.1,45.9,65.20%,7.3,,,,,,,,45,11.2,505,1,0
Darius Slayton,NYG,22,WR,10,7,62,37,505,13.6,5,46,3.7,50.5,59.70%,8.1,,,,,,,,37,13.6,505,5,0
Hunter Henry,LAC,25,TE,8,8,57,41,497,12.1,3,23,5.1,62.1,71.90%,8.7,,,,,,,,41,12.1,497,3,0
Gus Edwards,BAL,24,RB,12,0,5,5,36,7.2,0,10,0.4,3,100.00%,7.2,91,460,2,63,5.1,38.3,7.6,96,5.2,496,2,0
Alshon Jeffery,PHI,29,WR,9,9,71,43,490,11.4,4,38,4.8,54.4,60.60%,6.9,1,2,1,2,2,0.2,0.1,44,11.2,492,5,0
Tyrell Williams,OAK,27,WR,10,8,53,33,489,14.8,5,46,3.3,48.9,62.30%,9.2,,,,,,,,33,14.8,489,5,0
Anthony Miller,CHI,25,wr,12,3,63,38,489,12.9,0,35,3.2,40.8,60.30%,7.8,1,-1,0,-1,-1,-0.1,0.1,39,12.5,488,0,1
Zach Pascal,IND,25,WR,12,10,51,30,473,15.8,4,35,2.5,39.4,58.80%,9.3,1,12,0,12,12,1,0.1,31,15.6,485,4,0
Alexander Mattison,MIN,21,RB,12,0,10,8,64,8,0,17,0.7,5.3,80.00%,6.4,86,416,1,35,4.8,34.7,7.2,94,5.1,480,1,1
Evan Engram,NYG,25,TE,8,6,68,44,467,10.6,3,75,5.5,58.4,64.70%,6.9,3,7,0,5,2.3,0.9,0.4,47,10.1,474,3,0
Mecole Hardman,KAN,21,wr,12,4,37,23,450,19.6,5,83,1.9,37.5,62.20%,12.2,4,17,0,9,4.3,1.4,0.3,27,17.3,467,5,2
Golden Tate,NYG,31,WR,7,7,57,36,450,12.5,4,64,5.1,64.3,63.20%,7.9,1,16,0,16,16,2.3,0.1,37,12.6,466,4,1
Damien Williams,KAN,27,rb,9,5,27,23,156,6.8,1,32,2.6,17.3,85.20%,5.8,83,309,3,91,3.7,34.3,9.2,106,4.4,465,4,1
Kenny Stills,HOU,27,wr,10,3,41,30,461,15.4,2,45,3,46.1,73.20%,11.2,,,,,,,,30,15.4,461,2,0
Jared Cook,NOR,32,TE,10,7,53,32,459,14.3,4,40,3.2,45.9,60.40%,8.7,,,,,,,,32,14.3,459,4,0
Tarik Cohen,CHI,24,RB,12,8,74,54,306,5.7,3,31,4.5,25.5,73.00%,4.1,47,150,0,13,3.2,12.5,3.9,101,4.5,456,3,0
Diontae Johnson,PIT,23,WR,12,9,61,36,423,11.8,3,45,3,35.3,59.00%,6.9,3,25,0,17,8.3,2.1,0.3,39,11.5,448,3,3
Kyler Murray,ARI,22,QB,12,12,0,0,0,,0,0,0,0,0.00%,,71,446,4,32,6.3,37.2,5.9,71,6.3,446,4,2
Mohamed Sanu,NWE,30,WR,11,8,70,50,435,8.7,2,28,4.5,39.5,71.40%,6.2,3,11,0,8,3.7,1,0.3,53,8.4,446,2,0
Peyton Barber,TAM,25,RB,12,7,16,10,48,4.8,1,8,0.8,4,62.50%,3,122,396,6,17,3.2,33,10.2,132,3.4,444,7,0
Rashaad Penny,SEA,23,RB,9,0,10,7,67,9.6,1,30,0.8,7.4,70.00%,6.7,65,370,3,58,5.7,41.1,7.2,72,6.1,437,4,1
Marquez Valdes-Scantling,GNB,25,WR,12,8,47,23,427,18.6,2,74,1.9,35.6,48.90%,9.1,2,9,0,9,4.5,0.8,0.2,25,17.4,436,2,0
Alex Erickson,CIN,27,wr,12,3,53,30,407,13.6,0,52,2.5,33.9,56.60%,7.7,4,28,0,17,7,2.3,0.3,34,12.8,435,0,2
Kerryon Johnson,DET,22,RB,6,6,14,9,126,14,1,36,1.5,21,64.30%,9,92,308,2,14,3.3,51.3,15.3,101,4.3,434,3,1
Josh Allen,BUF,23,QB,12,12,0,0,0,,0,0,0,0,0.00%,,93,430,8,36,4.6,35.8,7.8,93,4.6,430,8,12
Preston Williams,MIA,22,WR,8,7,60,32,428,13.4,3,35,4,53.5,53.30%,7.1,,,,,,,,32,13.4,428,3,2
Corey Davis,TEN,24,WR,11,8,50,31,426,13.7,2,38,2.8,38.7,62.00%,8.5,,,,,,,,31,13.7,426,2,1
Nyheim Hines,IND,23,rb,12,2,45,34,270,7.9,0,21,2.8,22.5,75.60%,6,38,150,2,18,3.9,12.5,3.2,72,5.8,420,2,0
Jason Witten,DAL,37,TE,12,12,64,48,418,8.7,3,33,4,34.8,75.00%,6.5,,,,,,,,48,8.7,418,3,1
Gerald Everett,LAR,25,te,11,2,59,37,408,11,2,33,3.4,37.1,62.70%,6.9,1,0,0,0,0,0,0.1,38,10.7,408,2,0
J.D. McKissic,DET,26,rb,12,3,33,27,206,7.6,1,26,2.3,17.2,81.80%,6.2,36,201,0,44,5.6,16.8,3,63,6.5,407,1,0
Demaryius Thomas,NYJ,32,WR,10,9,54,34,405,11.9,0,47,3.4,40.5,63.00%,7.5,,,,,,,,34,11.9,405,0,0
Mike Gesicki,MIA,24,te,12,3,57,36,401,11.1,2,34,3,33.4,63.20%,7,,,,,,,,36,11.1,401,2,1
Chase Edmonds,ARI,23,rb,9,2,19,12,105,8.8,1,31,1.3,11.7,63.20%,5.5,58,295,4,37,5.1,32.8,6.4,70,5.7,400,5,0
Hunter Renfrow,OAK,24,wr,11,2,53,36,396,11,2,65,3.3,36,67.90%,7.5,,,,,,,,36,11,396,2,0
Adam Thielen,MIN,29,WR,8,8,41,27,391,14.5,6,44,3.4,48.9,65.90%,9.5,2,1,1,1,0.5,0.1,0.3,29,13.5,392,7,0
Jaylen Samuels,PIT,23,rb,10,3,46,39,234,6,1,17,3.9,23.4,84.80%,5.1,54,153,1,13,2.8,15.3,5.4,93,4.2,387,2,1
Sterling Shepard,NYG,26,WR,6,6,50,33,322,9.8,2,36,5.5,53.7,66.00%,6.4,5,64,0,23,12.8,10.7,0.8,38,10.2,386,2,0
Chris Thompson,WAS,29,RB,7,0,40,28,291,10.4,0,39,4,41.6,70.00%,7.3,26,93,0,12,3.6,13.3,3.7,54,7.1,384,0,0
Demarcus Robinson,KAN,25,WR,12,8,46,27,379,14,3,44,2.3,31.6,58.70%,8.2,,,,,,,,27,14,379,3,0
T.Y. Hilton,IND,30,WR,7,7,52,35,378,10.8,5,35,5,54,67.30%,7.3,,,,,,,,35,10.8,378,5,0
Jack Doyle,IND,29,TE,12,12,53,36,377,10.5,4,23,3,31.4,67.90%,7.1,,,,,,,,36,10.5,377,4,1
Eric Ebron,IND,26,te,11,2,52,31,375,12.1,3,48,2.8,34.1,59.60%,7.2,,,,,,,,31,12.1,375,3,0
Adam Humphries,TEN,26,wr,12,3,47,37,374,10.1,2,30,3.1,31.2,78.70%,8,1,1,0,1,1,0.1,0.1,38,9.9,375,2,1
Taylor Gabriel,CHI,28,WR,9,7,48,29,353,12.2,4,53,3.2,39.2,60.40%,7.4,3,20,0,14,6.7,2.2,0.3,32,11.7,373,4,0
Nelson Agholor,PHI,26,WR,11,10,69,39,363,9.3,3,43,3.5,33,56.50%,5.3,2,7,0,16,3.5,0.6,0.2,41,9,370,3,2
Phillip Dorsett,NWE,26,wr,10,4,48,28,347,12.4,5,58,2.8,34.7,58.30%,7.2,3,21,0,9,7,2.1,0.3,31,11.9,368,5,0
Noah Fant,DEN,22,TE,12,8,55,31,379,12.2,2,75,2.6,31.6,56.40%,6.9,3,-12,0,-2,-4,-1,0.3,34,10.8,367,2,1
T.J. Hockenson,DET,22,TE,12,7,59,32,367,11.5,2,39,2.7,30.6,54.20%,6.2,,,,,,,,32,11.5,367,2,0
Ted Ginn,NOR,34,WR,12,8,46,24,348,14.5,2,45,2,29,52.20%,7.6,3,18,0,12,6,1.5,0.3,27,13.6,366,2,0
Rex Burkhead,NWE,29,rb,9,1,30,20,190,9.5,0,32,2.2,21.1,66.70%,6.3,41,166,1,12,4,18.4,4.6,61,5.8,356,1,0
Dallas Goedert,PHI,24,TE,11,7,53,37,355,9.6,4,28,3.4,32.3,69.80%,6.7,,,,,,,,37,9.6,355,4,2
Tony Pollard,DAL,22,RB,12,0,16,12,90,7.5,1,21,1,7.5,75.00%,5.6,58,264,1,28,4.6,22,4.8,70,5.1,354,2,0
Allen Lazard,GNB,24,wr,12,1,29,22,330,15,2,43,1.8,27.5,75.90%,11.4,1,21,0,21,21,1.8,0.1,23,15.3,351,2,0
Josh Gordon,SEA,28,WR,9,6,41,24,334,13.9,1,44,2.7,37.1,58.50%,8.1,1,1,0,1,1,0.1,0.1,25,13.4,335,1,0
Jimmy Graham,GNB,33,TE,12,6,43,29,333,11.5,3,48,2.4,27.8,67.40%,7.7,,,,,,,,29,11.5,333,3,0
John Ross,CIN,25,wr,4,4,32,16,328,20.5,3,66,4,82,50.00%,10.3,,,,,,,,16,20.5,328,3,1
DeAndre Washington,OAK,26,RB,12,0,19,18,167,9.3,0,28,1.5,13.9,94.70%,8.8,48,156,1,8,3.3,13,4,66,4.9,323,1,0
Tyler Higbee,LAR,26,TE,11,11,41,33,319,9.7,2,26,3,29,80.50%,7.8,,,,,,,,33,9.7,319,2,0
Dawson Knox,BUF,23,TE,12,8,41,25,307,12.3,2,49,2.1,25.6,61.00%,7.5,1,9,0,9,9,0.8,0.1,26,12.2,316,2,0
Ryan Griffin,NYJ,29,TE,12,12,40,33,312,9.5,5,45,2.8,26,82.50%,7.8,,,,,,,,33,9.5,312,5,0
Darren Fells,HOU,33,TE,12,12,39,28,310,11.1,7,24,2.3,25.8,71.80%,7.9,,,,,,,,28,11.1,310,7,0
Jordan Akins,HOU,27,TE,12,6,35,25,308,12.3,2,53,2.1,25.7,71.40%,8.8,,,,,,,,25,12.3,308,2,0
Darrel Williams,KAN,24,RB,12,0,19,15,167,11.1,1,52,1.3,13.9,78.90%,8.8,41,141,3,41,3.4,11.8,3.4,56,5.5,308,4,1
Deshaun Watson,HOU,24,QB,12,12,1,1,6,6,1,6,0.1,0.5,100.00%,6,62,300,5,30,4.8,25,5.2,63,4.9,306,6,8
Giovani Bernard,CIN,28,rb,12,2,34,24,181,7.5,0,35,2,15.1,70.60%,5.3,39,121,0,25,3.1,10.1,3.3,63,4.8,302,0,2
Benny Snell,PIT,21,rb,9,1,4,3,23,7.7,0,14,0.3,2.6,75.00%,5.8,65,279,1,23,4.3,31,7.2,68,4.4,302,1,0
Kyle Rudolph,MIN,30,TE,12,12,41,33,301,9.1,6,32,2.8,25.1,80.50%,7.3,,,,,,,,33,9.1,301,6,0
Jonnu Smith,TEN,24,TE,12,11,31,24,287,12,1,57,2,23.9,77.40%,9.3,2,14,0,10,7,1.2,0.2,26,11.6,301,1,0
Kendrick Bourne,SFO,24,WR,12,0,35,24,300,12.5,3,30,2,25,68.60%,8.6,,,,,,,,24,12.5,300,3,0
Jakobi Meyers,NWE,23,wr,11,1,35,22,299,13.6,0,32,2,27.2,62.90%,8.5,,,,,,,,22,13.6,299,0,0
Allen Hurns,MIA,28,wr,11,5,36,24,298,12.4,2,27,2.2,27.1,66.70%,8.3,,,,,,,,24,12.4,298,2,1
Jalen Richard,OAK,26,RB,12,0,31,26,223,8.6,0,31,2.2,18.6,83.90%,7.2,23,75,0,13,3.3,6.3,1.9,49,6.1,298,0,2
O.J. Howard,TAM,25,TE,10,10,34,23,294,12.8,1,30,2.3,29.4,67.60%,8.6,,,,,,,,23,12.8,294,1,1
Jonathan Williams,IND,25,rb,5,1,5,5,59,11.8,0,31,1,11.8,100.00%,11.8,49,235,1,48,4.8,47,9.8,54,5.4,294,1,0
Willie Snead,BAL,27,WR,12,8,35,24,289,12,4,50,2,24.1,68.60%,8.3,1,2,0,2,2,0.2,0.1,25,11.6,291,4,0
Mark Walton,MIA,22,rb,7,4,21,15,89,5.9,0,18,2.1,12.7,71.40%,4.2,53,201,0,19,3.8,28.7,7.6,68,4.3,290,0,1
Russell Gage,ATL,23,wr,12,1,45,30,285,9.5,1,19,2.5,23.8,66.70%,6.3,1,-1,0,-1,-1,-0.1,0.1,31,9.2,284,1,1
Russell Wilson,SEA,31,QB,12,12,0,0,0,,0,0,0,0,0.00%,,57,284,3,21,5,23.7,4.8,57,5,284,3,6
Derrius Guice,WAS,22,rb,4,1,10,7,79,11.3,1,45,1.8,19.8,70.00%,7.9,37,203,2,60,5.5,50.8,9.3,44,6.4,282,3,0
Nick Boyle,BAL,26,TE,12,11,34,25,281,11.2,1,35,2.1,23.4,73.50%,8.3,,,,,,,,25,11.2,281,1,0
Will Dissly,SEA,23,TE,6,6,27,23,262,11.4,4,38,3.8,43.7,85.20%,9.7,1,7,0,7,7,1.2,0.2,24,11.2,269,4,1
Marvin Hall,DET,26,WR,9,0,11,7,261,37.3,1,58,0.8,29,63.60%,23.7,1,7,0,7,7,0.8,0.1,8,33.5,268,1,0
Ty Johnson,DET,22,rb,12,1,23,19,85,4.5,0,13,1.6,7.1,82.60%,3.7,53,182,0,17,3.4,15.2,4.4,72,3.7,267,0,0
Irv Smith Jr.,MIN,21,TE,12,6,35,28,267,9.5,1,29,2.3,22.3,80.00%,7.6,,,,,,,,28,9.5,267,1,1
Blake Jarwin,DAL,25,te,12,5,29,22,261,11.9,3,42,1.8,21.8,75.90%,9,,,,,,,,22,11.9,261,3,1
Tyler Eifert,CIN,29,te,12,2,44,30,252,8.4,2,27,2.5,21,68.20%,5.7,,,,,,,,30,8.4,252,2,0
Josh Reynolds,LAR,24,wr,12,2,36,17,258,15.2,1,31,1.4,21.5,47.20%,7.2,2,-6,0,-1,-3,-0.5,0.2,19,13.3,252,1,0
Jordan Wilkins,IND,25,rb,11,1,8,6,36,6,0,11,0.5,3.3,75.00%,4.5,38,212,0,55,5.6,19.3,3.5,44,5.6,248,0,0
Geronimo Allison,GNB,25,WR,12,6,44,28,240,8.6,2,31,2.3,20,63.60%,5.5,1,7,0,7,7,0.6,0.1,29,8.5,247,2,1
Paul Richardson,WAS,27,WR,10,6,42,28,245,8.8,2,22,2.8,24.5,66.70%,5.8,1,0,0,0,0,0,0.1,29,8.4,245,2,0
Vance McDonald,PIT,29,TE,11,11,46,32,242,7.6,3,22,2.9,22,69.60%,5.3,1,2,0,2,2,0.2,0.1,33,7.4,244,3,1
Kareem Hunt,CLE,24,RB,4,0,25,20,118,5.9,1,20,5,29.5,80.00%,4.7,25,125,1,16,5,31.3,6.3,45,5.4,243,2,1
Gardner Minshew,JAX,23,QB,10,8,0,0,0,,0,0,0,0,0.00%,,44,243,0,21,5.5,24.3,4.4,44,5.5,243,0,12
Taysom Hill,NOR,29,qb,12,2,16,13,114,8.8,4,36,1.1,9.5,81.30%,7.1,16,127,1,30,7.9,10.6,1.3,29,8.3,241,5,0
Daniel Jones,NYG,22,QB,11,10,0,0,0,,0,0,0,0,0.00%,,39,241,2,26,6.2,21.9,3.5,39,6.2,241,2,15
David Moore,SEA,24,wr,10,1,28,13,235,18.1,2,60,1.3,23.5,46.40%,8.4,2,6,0,4,3,0.6,0.2,15,16.1,241,2,0
Breshad Perriman,TAM,26,wr,10,1,38,16,226,14.1,1,44,1.6,22.6,42.10%,5.9,1,13,0,13,13,1.3,0.1,17,14.1,239,1,0
Bo Scarbrough,DET,23,rb,3,3,1,0,0,,0,0,0,0,0.00%,0,53,236,1,30,4.5,78.7,17.7,53,4.5,236,1,1
Isaiah McKenzie,BUF,24,wr,11,5,27,20,211,10.6,1,46,1.8,19.2,74.10%,7.8,6,19,0,10,3.2,1.7,0.5,26,8.8,230,1,0
Cameron Brate,TAM,28,TE,12,5,36,26,229,8.8,2,37,2.2,19.1,72.20%,6.4,,,,,,,,26,8.8,229,2,0
Brian Hill,ATL,24,rb,8,2,14,10,69,6.9,1,12,1.3,8.6,71.40%,4.9,56,158,1,23,2.8,19.8,7,66,3.4,227,2,0
Dion Lewis,TEN,29,RB,12,0,28,22,129,5.9,0,24,1.8,10.8,78.60%,4.6,26,98,0,15,3.8,8.2,2.2,48,4.7,227,0,1
Olabisi Johnson,MIN,22,wr,12,3,37,25,226,9,2,23,2.1,18.8,67.60%,6.1,,,,,,,,25,9,226,2,0
Cody Latimer,NYG,27,WR,11,9,30,16,223,13.9,1,43,1.5,20.3,53.30%,7.4,,,,,,,,16,13.9,223,1,0
Kelvin Harmon,WAS,23,WR,12,6,26,19,222,11.7,0,26,1.6,18.5,73.10%,8.5,,,,,,,,19,11.7,222,0,0
Dak Prescott,DAL,26,QB,12,12,0,0,0,,0,0,0,0,0.00%,,38,222,3,42,5.8,18.5,3.2,38,5.8,222,3,4
Jarius Wright,CAR,30,WR,12,6,39,20,228,11.4,0,33,1.7,19,51.30%,5.8,1,-7,0,-7,-7,-0.6,0.1,21,10.5,221,0,0
Jameis Winston,TAM,25,QB,12,12,0,0,0,,0,0,0,0,0.00%,,47,220,0,26,4.7,18.3,3.9,47,4.7,220,0,12
Malcolm Brown,LAR,26,rb,10,1,4,1,10,10,0,10,0.1,1,25.00%,2.5,54,209,3,17,3.9,20.9,5.4,55,4,219,3,0
Delanie Walker,TEN,35,te,7,4,31,21,215,10.2,2,29,3,30.7,67.70%,6.9,,,,,,,,21,10.2,215,2,1
Bennie Fowler,NYG,28,wr,8,2,36,23,193,8.4,0,17,2.9,24.1,63.90%,5.4,1,20,0,20,20,2.5,0.1,24,8.9,213,0,0
Hayden Hurst,BAL,26,te,12,3,29,23,213,9.3,1,29,1.9,17.8,79.30%,7.3,,,,,,,,23,9.3,213,1,0
Wayne Gallman,NYG,25,rb,10,2,15,11,102,9.3,1,21,1.1,10.2,73.30%,6.8,29,110,2,22,3.8,11,2.9,40,5.3,212,3,1
Jaron Brown,SEA,29,wr,10,4,25,15,211,14.1,2,48,1.5,21.1,60.00%,8.4,,,,,,,,15,14.1,211,2,1
Jacob Hollister,SEA,26,te,7,1,36,25,203,8.1,3,22,3.6,29,69.40%,5.6,,,,,,,,25,8.1,203,3,0
Marquise Goodwin,SFO,29,WR,9,6,21,12,186,15.5,1,38,1.3,20.7,57.10%,8.9,1,15,0,15,15,1.7,0.1,13,15.5,201,1,0
Dare Ogunbowale,TAM,25,RB,12,0,35,26,191,7.3,0,21,2.2,15.9,74.30%,5.5,9,10,2,12,1.1,0.8,0.8,35,5.7,201,2,0
Kalen Ballage,MIA,24,RB,12,6,24,14,63,4.5,0,13,1.2,5.3,58.30%,2.6,74,135,3,8,1.8,11.3,6.2,88,2.3,198,3,0
Charles Clay,ARI,30,TE,12,7,20,15,198,13.2,0,47,1.3,16.5,75.00%,9.9,,,,,,,,15,13.2,198,0,0
Trey Quinn,WAS,24,WR,12,6,47,26,198,7.6,1,19,2.2,16.5,55.30%,4.2,,,,,,,,26,7.6,198,1,1
Chester Rogers,IND,25,WR,12,6,28,16,179,11.2,2,27,1.3,14.9,57.10%,6.4,1,18,0,18,18,1.5,0.1,17,11.6,197,2,2
Andy Isabella,ARI,23,wr,11,1,11,7,180,25.7,1,88,0.6,16.4,63.60%,16.4,3,16,0,6,5.3,1.5,0.3,10,19.6,196,1,0
Jeremy Sprinkle,WAS,25,TE,12,10,29,19,196,10.3,1,23,1.6,16.3,65.50%,6.8,,,,,,,,19,10.3,196,1,1
Tajae Sharpe,TEN,25,WR,11,6,21,13,194,14.9,2,47,1.2,17.6,61.90%,9.2,,,,,,,,13,14.9,194,2,0
Keke Coutee,HOU,22,wr,7,3,25,16,179,11.2,0,51,2.3,25.6,64.00%,7.2,2,14,1,10,7,2,0.3,18,10.7,193,1,0
Ito Smith,ATL,24,RB,7,0,14,11,87,7.9,0,11,1.6,12.4,78.60%,6.2,22,106,1,28,4.8,15.1,3.1,33,5.8,193,1,0
KeeSean Johnson,ARI,23,wr,10,4,42,21,187,8.9,1,31,2.1,18.7,50.00%,4.5,1,3,0,3,3,0.3,0.1,22,8.6,190,1,1
Carson Wentz,PHI,27,QB,12,12,0,0,0,,0,0,0,0,0.00%,,45,188,1,19,4.2,15.7,3.8,45,4.2,188,1,9
Malik Turner,SEA,23,wr,12,2,13,10,186,18.6,1,33,0.8,15.5,76.90%,14.3,,,,,,,,10,18.6,186,1,0
Miles Boykin,BAL,23,WR,12,9,18,11,185,16.8,2,50,0.9,15.4,61.10%,10.3,,,,,,,,11,16.8,185,2,0
Pharoh Cooper,ARI,24,WR,9,1,27,20,183,9.2,1,28,2.2,20.3,74.10%,6.8,1,2,0,2,2,0.2,0.1,21,8.8,185,1,0
Albert Wilson,MIA,27,wr,9,2,37,25,149,6,1,22,2.8,16.6,67.60%,4,4,36,0,28,9,4,0.4,29,6.4,185,1,0
Keelan Cole,JAX,26,WR,12,0,20,16,183,11.4,2,31,1.3,15.3,80.00%,9.2,,,,,,,,16,11.4,183,2,0
Josh Hill,NOR,29,TE,12,7,26,19,182,9.6,1,29,1.6,15.2,73.10%,7,,,,,,,,19,9.6,182,1,0
Damiere Byrd,ARI,26,wr,7,3,30,17,178,10.5,0,58,2.4,25.4,56.70%,5.9,,,,,,,,17,10.5,178,0,0
Darrell Henderson,LAR,22,RB,10,0,6,4,37,9.3,0,14,0.4,3.7,66.70%,6.2,37,140,0,22,3.8,14,3.7,41,4.3,177,0,0
Zay Jones,OAK,24,WR,11,5,35,20,171,8.6,0,23,1.8,15.5,57.10%,4.9,1,3,0,3,3,0.3,0.1,21,8.3,174,0,0
Seth Roberts,BAL,28,WR,12,0,24,15,174,11.6,1,25,1.3,14.5,62.50%,7.3,,,,,,,,15,11.6,174,1,0
Justice Hill,BAL,22,RB,12,0,9,4,28,7,0,10,0.3,2.3,44.40%,3.1,38,144,0,13,3.8,12,3.2,42,4.1,172,0,0
Brandon Bolden,NWE,29,rb,11,2,11,9,111,12.3,1,29,0.8,10.1,81.80%,10.1,14,58,2,21,4.1,5.3,1.3,23,7.3,169,3,0
Jakeem Grant,MIA,27,wr,10,2,33,19,164,8.6,0,18,1.9,16.4,57.60%,5,4,5,1,7,1.3,0.5,0.4,23,7.3,169,1,2
Justin Jackson,LAC,24,RB,4,0,9,7,20,2.9,0,9,1.8,5,77.80%,2.2,20,149,0,40,7.5,37.3,5,27,6.3,169,0,0
C.J. Uzomah,CIN,26,TE,12,12,26,16,168,10.5,0,36,1.3,14,61.50%,6.5,,,,,,,,16,10.5,168,0,0
Rhett Ellison,NYG,31,TE,10,7,28,18,167,9.3,1,31,1.8,16.7,64.30%,6,,,,,,,,18,9.3,167,1,0
Scott Miller,TAM,22,wr,9,1,23,10,151,15.1,0,48,1.1,16.8,43.50%,6.6,2,16,0,18,8,1.8,0.2,12,13.9,167,0,0
Patrick Mahomes,KAN,24,QB,10,10,0,0,0,,0,0,0,0,0.00%,,25,166,1,25,6.6,16.6,2.5,25,6.6,166,1,3
Richie James,SFO,24,wr,12,1,10,6,165,27.5,1,57,0.5,13.8,60.00%,16.5,1,0,0,0,0,0,0.1,7,23.6,165,1,1
Jake Kumerow,GNB,27,wr,10,4,17,10,163,16.3,1,37,1,16.3,58.80%,9.6,,,,,,,,10,16.3,163,1,0
Steven Sims,WAS,22,WR,12,0,20,14,80,5.7,0,14,1.2,6.7,70.00%,4,6,82,1,65,13.7,6.8,0.5,20,8.1,162,1,1
Foster Moreau,OAK,22,TE,12,7,22,18,160,8.9,4,23,1.5,13.3,81.80%,7.3,,,,,,,,18,8.9,160,4,0
DeSean Jackson,PHI,33,wr,3,3,10,9,159,17.7,2,53,3,53,90.00%,15.9,,,,,,,,9,17.7,159,2,0
Ryquell Armstead,JAX,23,RB,12,0,13,9,92,10.2,1,31,0.8,7.7,69.20%,7.1,21,65,0,16,3.1,5.4,1.8,30,5.2,157,1,0
Jeff Driskel,DET,26,qb,3,3,1,1,6,6,0,6,0.3,2,100.00%,6,22,151,1,23,6.9,50.3,7.3,23,6.8,157,1,1
Tavon Austin,DAL,29,WR,10,0,17,10,112,11.2,0,23,1,11.2,58.80%,6.6,4,44,1,20,11,4.4,0.4,14,11.1,156,1,1
Byron Pringle,KAN,26,WR,12,0,15,11,156,14.2,1,28,0.9,13,73.30%,10.4,,,,,,,,11,14.2,156,1,0
Ricky Seals-Jones,CLE,24,te,10,2,15,9,155,17.2,2,59,0.9,15.5,60.00%,10.3,,,,,,,,9,17.2,155,2,0
Anthony Firkser,TEN,24,TE,11,0,16,11,153,13.9,1,27,1,13.9,68.80%,9.6,,,,,,,,11,13.9,153,1,0
James O'Shaughnessy,JAX,27,te,5,5,20,14,153,10.9,2,35,2.8,30.6,70.00%,7.7,,,,,,,,14,10.9,153,2,0
Parris Campbell,IND,22,wr,6,2,19,15,115,7.7,1,27,2.5,19.2,78.90%,6.1,4,34,0,22,8.5,5.7,0.7,19,7.8,149,1,3
Jaeden Graham,ATL,24,TE,12,0,10,9,149,16.6,1,53,0.8,12.4,90.00%,14.9,,,,,,,,9,16.6,149,1,0
Ben Watson,NWE,39,TE,6,6,17,12,147,12.3,0,26,2,24.5,70.60%,8.6,,,,,,,,12,12.3,147,0,0
Aaron Rodgers,GNB,36,QB,12,12,0,0,0,,0,0,0,0,0.00%,,33,146,1,15,4.4,12.2,2.8,33,4.4,146,1,3
Kyle Juszczyk,SFO,28,RB/rb,8,8,16,13,139,10.7,0,27,1.6,17.4,81.30%,8.7,1,6,0,6,6,0.8,0.1,14,10.4,145,0,0
Patrick Laird,MIA,24,RB,11,0,14,12,109,9.1,0,19,1.1,9.9,85.70%,7.8,16,36,1,13,2.3,3.3,1.5,28,5.2,145,1,0
T.J. Yeldon,BUF,26,RB,5,0,11,10,100,10,0,23,2,20,90.90%,9.1,10,45,0,11,4.5,9,2,20,7.3,145,0,1
Laquon Treadwell,MIN,24,WR,9,0,11,7,142,20.3,1,58,0.8,15.8,63.60%,12.9,,,,,,,,7,20.3,142,1,0
Jacoby Brissett,IND,27,QB,11,11,0,0,0,,0,0,0,0,0.00%,,44,141,3,9,3.2,12.8,4,44,3.2,141,3,5
Bilal Powell,NYJ,31,RB,10,0,7,4,14,3.5,0,5,0.4,1.4,57.10%,2,32,125,0,17,3.9,12.5,3.2,36,3.9,139,0,0
Maxx Williams,ARI,25,TE,12,7,13,11,139,12.6,1,21,0.9,11.6,84.60%,10.7,,,,,,,,11,12.6,139,1,0
Jeff Wilson,SFO,24,RB,9,0,5,3,34,11.3,1,25,0.3,3.8,60.00%,6.8,27,105,4,25,3.9,11.7,3,30,4.6,139,5,0
Dontrell Hilliard,CLE,24,RB,11,0,14,11,88,8,0,19,1,8,78.60%,6.3,13,49,2,11,3.8,4.5,1.2,24,5.7,137,2,2
Javon Wims,CHI,25,wr,12,3,20,12,137,11.4,1,37,1,11.4,60.00%,6.9,,,,,,,,12,11.4,137,1,0
Justin Hardy,ATL,28,wr,12,1,21,15,136,9.1,0,23,1.3,11.3,71.40%,6.5,,,,,,,,15,9.1,136,0,0
Wendell Smallwood,WAS,25,RB,11,0,13,9,64,7.1,0,18,0.8,5.8,69.20%,4.9,17,72,0,17,4.2,6.5,1.5,26,5.2,136,0,0
Demetrius Harris,CLE,28,te,12,5,21,13,135,10.4,2,23,1.1,11.3,61.90%,6.4,,,,,,,,13,10.4,135,2,0
Trey Edmunds,PIT,25,RB,7,0,6,5,41,8.2,0,11,0.7,5.9,83.30%,6.8,22,92,0,45,4.2,13.1,3.1,27,4.9,133,0,0
Dontrelle Inman,LAC,30,wr,4,1,13,8,132,16.5,0,28,2,33,61.50%,10.2,,,,,,,,8,16.5,132,0,0
Marcedes Lewis,GNB,35,TE,12,8,15,11,131,11.9,1,25,0.9,10.9,73.30%,8.7,,,,,,,,11,11.9,131,1,0
Marcus Mariota,TEN,26,QB,6,6,0,0,0,,0,0,0,0,0.00%,,24,129,0,15,5.4,21.5,4,24,5.4,129,0,3
Ryan Tannehill,TEN,31,QB,8,6,0,0,0,,0,0,0,0,0.00%,,30,128,3,25,4.3,16,3.8,30,4.3,128,3,6
Mack Hollins,PHI,26,wr,12,3,22,10,125,12.5,0,20,0.8,10.4,45.50%,5.7,,,,,,,,10,12.5,125,0,0
Vernon Davis,WAS,35,te,4,1,19,10,123,12.3,1,48,2.5,30.8,52.60%,6.5,,,,,,,,10,12.3,123,1,0
Ryan Fitzpatrick,MIA,37,QB,11,9,0,0,0,,0,0,0,0,0.00%,,33,121,3,17,3.7,11,3,33,3.7,121,3,5
Kalif Raymond,TEN,25,wr,5,1,6,5,125,25,1,52,1,25,83.30%,20.8,1,-5,0,-5,-5,-1,0.2,6,20,120,1,0
Logan Thomas,DET,28,te,12,2,14,11,120,10.9,1,17,0.9,10,78.60%,8.6,,,,,,,,11,10.9,120,1,0
DaeSean Hamilton,DEN,24,wr,12,2,27,13,118,9.1,0,28,1.1,9.8,48.10%,4.4,,,,,,,,13,9.1,118,0,0
Cordarrelle Patterson,CHI,28,wr,12,3,11,8,39,4.9,0,11,0.7,3.3,72.70%,3.5,12,78,0,46,6.5,6.5,1,20,5.9,117,0,0
TreQuan Smith,NOR,23,wr,7,3,13,9,115,12.8,2,28,1.3,16.4,69.20%,8.8,,,,,,,,9,12.8,115,2,0
Derek Carrier,OAK,29,te,12,4,14,9,87,9.7,1,25,0.8,7.3,64.30%,6.2,1,27,0,27,27,2.3,0.1,10,11.4,114,1,0
Ryan Izzo,NWE,24,te,6,4,9,6,114,19,1,41,1,19,66.70%,12.7,,,,,,,,6,19,114,1,0
Ty Montgomery,NYJ,26,wr,12,1,12,8,54,6.8,0,21,0.7,4.5,66.70%,4.5,19,60,0,15,3.2,5,1.6,27,4.2,114,0,0
Reggie Bonnafon,CAR,23,RB,12,0,7,4,18,4.5,0,7,0.3,1.5,57.10%,2.6,11,95,1,59,8.6,7.9,0.9,15,7.5,113,1,0
Devin Smith,DAL,27,wr,4,2,9,5,113,22.6,1,51,1.3,28.3,55.60%,12.6,,,,,,,,5,22.6,113,1,0
Vyncint Smith,NYJ,23,wr,9,2,15,7,80,11.4,0,22,0.8,8.9,46.70%,5.3,2,32,1,19,16,3.6,0.2,9,12.4,112,1,1
Dante Pettis,SFO,24,wr,11,4,24,11,109,9.9,2,21,1,9.9,45.80%,4.5,,,,,,,,11,9.9,109,2,0
Nick Vannett,PIT,26,TE,12,6,15,11,108,9.8,0,17,0.9,9,73.30%,7.2,,,,,,,,11,9.8,108,0,0
C.J. Ham,MIN,26,RB,12,6,17,11,99,9,1,36,0.9,8.3,64.70%,5.8,3,8,0,9,2.7,0.7,0.3,14,7.6,107,1,1
C.J. Prosise,SEA,25,RB,6,0,11,9,66,7.3,0,21,1.5,11,81.80%,6,13,41,1,17,3.2,6.8,2.2,22,4.9,107,1,1
Matt Ryan,ATL,34,QB,11,11,0,0,0,,0,0,0,0,0.00%,,22,106,1,12,4.8,9.6,2,22,4.8,106,1,8
Braxton Berrios,NYJ,24,WR,12,0,10,5,104,20.8,0,69,0.4,8.7,50.00%,10.4,,,,,,,,5,20.8,104,0,1
Damion Ratley,CLE,24,wr,9,2,15,8,103,12.9,0,29,0.9,11.4,53.30%,6.9,,,,,,,,8,12.9,103,0,0
Marcus Johnson,IND,25,wr,4,2,14,9,102,11.3,1,19,2.3,25.5,64.30%,7.3,,,,,,,,9,11.3,102,1,0
JJ Arcega-Whiteside,PHI,23,wr,12,2,15,6,101,16.8,1,30,0.5,8.4,40.00%,6.7,,,,,,,,6,16.8,101,1,0
Danny Vitale,GNB,26,RB,12,4,10,7,97,13.9,0,27,0.6,8.1,70.00%,9.7,1,3,0,3,3,0.3,0.1,8,12.5,100,0,0
Boston Scott,PHI,24,rb,7,1,1,1,5,5,0,5,0.1,0.7,100.00%,5,23,94,1,15,4.1,13.4,3.3,24,4.1,99,1,3
Robert Foster,BUF,25,wr,9,1,9,3,64,21.3,0,24,0.3,7.1,33.30%,7.1,2,29,0,22,14.5,3.2,0.2,5,18.6,93,0,0
Jeff Heuerman,DEN,27,TE,10,8,16,11,93,8.5,0,26,1.1,9.3,68.80%,5.8,,,,,,,,11,8.5,93,0,0
Deon Cain,PIT,23,WR,9,4,16,6,92,15.3,0,35,0.7,10.2,37.50%,5.8,,,,,,,,6,15.3,92,0,0
Jon Hilliman,NYG,24,rb,3,1,4,3,1,0.3,0,5,1,0.3,75.00%,0.3,30,91,0,10,3,30.3,10,33,2.8,92,0,2
D'Ernest Johnson,CLE,23,RB,12,0,7,6,71,11.8,0,27,0.5,5.9,85.70%,10.1,4,21,0,13,5.3,1.8,0.3,10,9.2,92,0,0
Christian Blake,ATL,23,wr,5,1,21,11,91,8.3,0,13,2.2,18.2,52.40%,4.3,,,,,,,,11,8.3,91,0,0
Keelan Doss,OAK,23,wr,6,2,9,7,90,12.9,0,31,1.2,15,77.80%,10,,,,,,,,7,12.9,90,0,0
Darren Sproles,PHI,36,rb,6,1,10,6,24,4,0,7,1,4,60.00%,2.4,17,66,0,17,3.9,11,2.8,23,3.9,90,0,1
Antonio Callaway,CLE,22,wr,4,2,15,8,89,11.1,0,41,2,22.3,53.30%,5.9,,,,,,,,8,11.1,89,0,0
Kaden Smith,NYG,22,te,5,2,15,12,88,7.3,1,32,2.4,17.6,80.00%,5.9,,,,,,,,12,7.3,88,1,0
Matt LaCosse,NWE,27,te,7,4,11,7,87,12.4,0,24,1,12.4,63.60%,7.9,,,,,,,,7,12.4,87,0,0
Trey Burton,CHI,28,te,8,5,24,14,84,6,0,16,1.8,10.5,58.30%,3.5,,,,,,,,14,6,84,0,0
Baker Mayfield,CLE,24,QB,12,12,0,0,0,,0,0,0,0,0.00%,,18,84,2,18,4.7,7,1.5,18,4.7,84,2,5
Ameer Abdullah,MIN,26,RB,12,0,7,5,41,8.2,1,16,0.4,3.4,71.40%,5.9,8,41,0,15,5.1,3.4,0.7,13,6.3,82,1,1
Damion Willis,CIN,22,wr,10,2,16,9,82,9.1,0,17,0.9,8.2,56.30%,5.1,,,,,,,,9,9.1,82,0,0
Tim Patrick,DEN,26,wr,4,1,13,5,80,16,0,38,1.3,20,38.50%,6.2,,,,,,,,5,16,80,0,0
Trent Sherfield,ARI,23,wr,12,1,13,4,80,20,0,38,0.3,6.7,30.80%,6.2,,,,,,,,4,20,80,0,0
Mitchell Trubisky,CHI,25,QB,11,11,0,0,0,,0,0,0,0,0.00%,,26,80,1,12,3.1,7.3,2.4,26,3.1,80,1,2
Nick O'Leary,JAX,27,TE,9,4,13,9,79,8.8,0,19,1,8.8,69.20%,6.1,,,,,,,,9,8.8,79,0,1
Luke Willson,SEA,29,TE,7,6,10,8,79,9.9,0,17,1.1,11.3,80.00%,7.9,,,,,,,,8,9.9,79,0,0
Ryan Finley,CIN,25,qb,3,3,0,0,0,,0,0,0,0,0.00%,,10,77,0,24,7.7,25.7,3.3,10,7.7,77,0,4
Dwayne Haskins,WAS,22,qb,6,4,0,0,0,,0,0,0,0,0.00%,,16,76,0,18,4.8,12.7,2.7,16,4.8,76,0,5
Adam Shaheen,CHI,25,te,8,2,13,9,74,8.2,0,18,1.1,9.3,69.20%,5.7,,,,,,,,9,8.2,74,0,1
Robert Tonyan,GNB,25,te,7,1,9,6,74,12.3,0,28,0.9,10.6,66.70%,8.2,,,,,,,,6,12.3,74,0,0
Jesse James,DET,25,TE,12,7,16,9,71,7.9,0,15,0.8,5.9,56.30%,4.4,,,,,,,,9,7.9,71,0,0
Marcell Ateman,OAK,25,WR,7,0,3,2,70,35,0,36,0.3,10,66.70%,23.3,,,,,,,,2,35,70,0,0
Chad Beebe,MIN,25,WR,3,0,2,2,70,35,0,61,0.7,23.3,100.00%,35,,,,,,,,2,35,70,0,3
Seth Devalve,JAX,26,te,9,5,9,6,68,11.3,0,18,0.7,7.6,66.70%,7.6,,,,,,,,6,11.3,68,0,0
Tra Carson,DET,27,RB,3,1,4,4,18,4.5,0,8,1.3,6,100.00%,4.5,18,48,0,12,2.7,16,6,22,3,66,0,0
Ross Dwelley,SFO,24,TE,12,6,21,14,66,4.7,2,11,1.2,5.5,66.70%,3.1,,,,,,,,14,4.7,66,2,0
Matthew Stafford,DET,31,QB,8,8,0,0,0,,0,0,0,0,0.00%,,20,66,0,12,3.3,8.3,2.5,20,3.3,66,0,5
Geoff Swaim,JAX,26,te,6,2,17,13,65,5,0,9,2.2,10.8,76.50%,3.8,,,,,,,,13,5,65,0,0
Darwin Thompson,KAN,23,RB,8,0,3,3,10,3.3,0,8,0.4,1.3,100.00%,3.3,16,52,1,9,3.3,6.5,2,19,3.3,62,1,0
Tevin Jones,PIT,27,WR,3,0,9,4,61,15.3,0,28,1.3,20.3,44.40%,6.8,,,,,,,,4,15.3,61,0,0
Virgil Green,LAC,31,te,11,4,10,7,60,8.6,0,15,0.6,5.5,70.00%,6,,,,,,,,7,8.6,60,0,0
Ben Braunecker,CHI,25,te,11,3,11,6,59,9.8,1,18,0.5,5.4,54.50%,5.4,,,,,,,,6,9.8,59,1,0
Duke Williams,BUF,26,wr,3,2,7,6,58,9.7,1,23,2,19.3,85.70%,8.3,,,,,,,,6,9.7,58,1,0
Rashard Higgins,CLE,25,wr,7,1,11,4,55,13.8,1,35,0.6,7.9,36.40%,5,,,,,,,,4,13.8,55,1,0
DeAndre Carter,HOU,26,wr,12,2,5,3,53,17.7,0,46,0.3,4.4,60.00%,10.6,,,,,,,,3,17.7,53,0,2
Kerrith Whyte,PIT,23,RB,2,0,0,0,0,,0,0,0,0,0.00%,,9,53,0,21,5.9,26.5,4.5,9,5.9,53,0,0
Kyle Allen,CAR,23,QB,10,10,0,0,0,,0,0,0,0,0.00%,,19,52,1,17,2.7,5.2,1.9,19,2.7,52,1,10
Tyler Kroft,BUF,27,te,7,2,7,4,52,13,0,20,0.6,7.4,57.10%,7.4,,,,,,,,4,13,52,0,0
Zach Line,NOR,29,RB,10,2,10,6,36,6,0,12,0.6,3.6,60.00%,3.6,5,16,0,5,3.2,1.6,0.5,11,4.7,52,0,0
KhaDarel Hodge,CLE,24,WR,12,0,4,2,51,25.5,0,41,0.2,4.3,50.00%,12.8,,,,,,,,2,25.5,51,0,0
Derek Carr,OAK,28,QB,12,12,0,0,0,,0,0,0,0,0.00%,,22,50,1,11,2.3,4.2,1.8,22,2.3,50,1,6
Kirk Cousins,MIN,31,QB,12,12,0,0,0,,0,0,0,0,0.00%,,27,50,1,11,1.9,4.2,2.3,27,1.9,50,1,8
Lance Kendricks,LAC,31,te,8,1,7,3,50,16.7,0,24,0.4,6.3,42.90%,7.1,,,,,,,,3,16.7,50,0,0
Elijhaa Penny,NYG,26,rb,12,1,4,2,9,4.5,0,9,0.2,0.8,50.00%,2.3,14,41,0,6,2.9,3.4,1.2,16,3.1,50,0,0
Deon Yelder,KAN,24,te,9,1,4,3,50,16.7,0,24,0.3,5.6,75.00%,12.5,,,,,,,,3,16.7,50,0,0
Mo Alie-Cox,IND,26,te,12,1,8,5,49,9.8,0,16,0.4,4.1,62.50%,6.1,,,,,,,,5,9.8,49,0,0
Patrick DiMarco,BUF,30,RB,12,2,6,5,41,8.2,0,27,0.4,3.4,83.30%,6.8,3,7,0,4,2.3,0.6,0.3,8,6,48,0,0
Andy Dalton,CIN,32,QB,9,9,1,1,-4,-4,0,-4,0.1,-0.4,100.00%,-4,19,51,3,17,2.7,5.7,2.1,20,2.4,47,3,6
Sam Darnold,NYJ,22,QB,9,9,0,0,0,,0,0,0,0,0.00%,,22,47,2,24,2.1,5.2,2.4,22,2.1,47,2,5
Mike Davis,CAR,26,RB,8,1,8,7,22,3.1,0,7,0.9,2.8,87.50%,2.8,11,25,0,8,2.3,3.1,1.4,18,2.6,47,0,0
Patrick Ricard,BAL,25,RB,12,5,9,8,47,5.9,1,10,0.7,3.9,88.90%,5.2,,,,,,,,8,5.9,47,1,0
Kenjon Barner,ATL,29,RB,10,0,6,5,18,3.6,0,13,0.5,1.8,83.30%,3,4,28,0,12,7,2.8,0.4,9,5.1,46,0,2
Jimmy Garoppolo,SFO,28,QB,12,12,0,0,0,,0,0,0,0,0.00%,,36,46,1,11,1.3,3.8,3,36,1.3,46,1,9
Cedrick Wilson,DAL,24,WR,5,0,7,5,46,9.2,0,14,1,9.2,71.40%,6.6,,,,,,,,5,9.2,46,0,0
Diontae Spencer,DEN,27,wr,12,1,8,6,31,5.2,0,20,0.5,2.6,75.00%,3.9,2,14,0,9,7,1.2,0.2,8,5.6,45,0,1
Greg Ward,PHI,24,WR,3,0,10,7,45,6.4,0,9,2.3,15,70.00%,4.5,,,,,,,,7,6.4,45,0,0
Stephen Carlson,CLE,23,te,5,4,5,4,44,11,1,21,0.8,8.8,80.00%,8.8,,,,,,,,4,11,44,1,0
Dwayne Washington,NOR,25,RB,12,0,1,1,6,6,0,6,0.1,0.5,100.00%,6,3,38,0,31,12.7,3.2,0.3,4,11,44,0,0
C.J. Anderson,DET,28,RB,2,0,0,0,0,,0,0,0,0,0.00%,,16,43,0,9,2.7,21.5,8,16,2.7,43,0,0
Myles Gaskin,MIA,22,RB,4,0,4,3,13,4.3,0,7,0.8,3.3,75.00%,3.3,7,30,0,11,4.3,7.5,1.8,10,4.3,43,0,0
Andy Janovich,DEN,26,RB,7,3,5,5,42,8.4,0,22,0.7,6,100.00%,8.4,1,1,1,1,1,0.1,0.1,6,7.2,43,1,0
Jason Moore,LAC,24,WR,6,0,4,2,43,21.5,0,32,0.3,7.2,50.00%,10.8,,,,,,,,2,21.5,43,0,0
Mason Rudolph,PIT,24,QB,9,8,0,0,0,,0,0,0,0,0.00%,,19,42,0,13,2.2,4.7,2.1,19,2.2,42,0,4
Alec Ingold,OAK,23,RB,12,4,3,3,22,7.3,1,14,0.3,1.8,100.00%,7.3,8,18,0,4,2.3,1.5,0.7,11,3.6,40,1,0
Brandon Allen,DEN,27,qb,3,3,0,0,0,,0,0,0,0,0.00%,,10,39,0,11,3.9,13,3.3,10,3.9,39,0,0
Andrew Beck,DEN,23,RB,12,3,5,3,39,13,0,18,0.3,3.3,60.00%,7.8,,,,,,,,3,13,39,0,0
Geremy Davis,LAC,27,wr,7,1,3,3,38,12.7,0,19,0.4,5.4,100.00%,12.7,,,,,,,,3,12.7,38,0,0
T.J. Jones,NYG,27,WR,3,0,4,3,38,12.7,1,28,1,12.7,75.00%,9.5,,,,,,,,3,12.7,38,1,3
Qadree Ollison,ATL,23,RB,4,0,2,1,7,7,0,7,0.3,1.8,50.00%,3.5,12,31,2,6,2.6,7.8,3,13,2.9,38,2,1
Paul Perkins,DET,25,RB,4,0,1,1,9,9,0,9,0.3,2.3,100.00%,9,12,29,0,13,2.4,7.3,3,13,2.9,38,0,0
Tommy Sweeney,BUF,24,te,5,1,8,3,38,12.7,0,29,0.6,7.6,37.50%,4.8,,,,,,,,3,12.7,38,0,0
Derek Watt,LAC,27,RB,12,1,5,3,32,10.7,0,21,0.3,2.7,60.00%,6.4,5,6,0,2,1.2,0.5,0.4,8,4.8,38,0,0
Teddy Bridgewater,NOR,27,qb,7,5,0,0,0,,0,0,0,0,0.00%,,22,37,0,11,1.7,5.3,3.1,22,1.7,37,0,1
David Njoku,CLE,23,te,2,1,7,4,37,9.3,1,18,2,18.5,57.10%,5.3,,,,,,,,4,9.3,37,1,0
Durham Smythe,MIA,24,TE,12,10,8,3,37,12.3,0,24,0.3,3.1,37.50%,4.6,,,,,,,,3,12.3,37,0,0
Tyler Conklin,MIN,24,te,11,1,6,4,36,9,0,20,0.4,3.3,66.70%,6,,,,,,,,4,9,36,0,0
JJ Nelson,OAK,27,wr,2,1,5,4,36,9,1,29,2,18,80.00%,7.2,,,,,,,,4,9,36,1,0
Bobo Wilson,TAM,24,wr,6,1,11,3,35,11.7,0,14,0.5,5.8,27.30%,3.2,,,,,,,,3,11.7,35,0,3
Gunner Olszewski,NWE,23,WR,8,0,4,2,34,17,0,29,0.3,4.3,50.00%,8.5,,,,,,,,2,17,34,0,1
Troymaine Pope,LAC,26,RB,10,0,3,2,14,7,1,13,0.2,1.4,66.70%,4.7,10,20,0,8,2,2,1,12,2.8,34,1,1
Luke Stocker,ATL,31,TE,11,6,10,6,34,5.7,0,18,0.5,3.1,60.00%,3.4,,,,,,,,6,5.7,34,0,1
Jordan Matthews,PHI,27,WR,3,1,12,4,33,8.3,0,10,1.3,11,33.30%,2.8,,,,,,,,4,8.3,33,0,0
Devin Funchess,IND,25,wr,1,1,5,3,32,10.7,0,16,3,32,60.00%,6.4,,,,,,,,3,10.7,32,0,0
Devlin Hodges,PIT,23,qb,4,2,0,0,0,,0,0,0,0,0.00%,,13,31,0,21,2.4,7.8,3.3,13,2.4,31,0,1
Johnny Holton,PIT,28,wr,12,2,13,1,22,22,0,18,0.1,1.8,7.70%,1.7,1,9,0,9,9,0.8,0.1,2,15.5,31,0,0
Anthony Sherman,KAN,31,RB,12,0,3,2,22,11,0,15,0.2,1.8,66.70%,7.3,4,9,0,5,2.3,0.8,0.3,6,5.2,31,0,0
Lee Smith,BUF,32,te,12,5,5,4,31,7.8,1,9,0.3,2.6,80.00%,6.2,,,,,,,,4,7.8,31,1,0
Ross Travis,IND,26,te,1,1,3,2,31,15.5,0,25,2,31,66.70%,10.3,,,,,,,,2,15.5,31,0,1
Travis Benjamin,LAC,30,wr,5,2,16,6,30,5,0,13,1.2,6,37.50%,1.9,,,,,,,,6,5,30,0,0
Andre Patton,LAC,25,wr,9,3,11,3,30,10,0,15,0.3,3.3,27.30%,2.7,,,,,,,,3,10,30,0,0
Drew Sample,CIN,23,te,9,2,6,5,30,6,0,21,0.6,3.3,83.30%,5,,,,,,,,5,6,30,0,0
Daniel Brown,NYJ,27,te,12,2,2,2,29,14.5,1,20,0.2,2.4,100.00%,14.5,,,,,,,,2,14.5,29,1,0
Travis Homer,SEA,21,RB,12,0,0,0,0,,0,0,0,0,0.00%,,1,29,0,29,29,2.4,0.1,1,29,29,0,0
Mike Boone,MIN,24,RB,12,0,0,0,0,,0,0,0,0,0.00%,,3,28,0,24,9.3,2.3,0.3,3,9.3,28,0,0
Cody Core,NYG,25,WR,12,0,5,3,28,9.3,0,11,0.3,2.3,60.00%,5.6,,,,,,,,3,9.3,28,0,0
N'Keal Harry,NWE,22,wr,3,2,9,4,28,7,1,11,1.3,9.3,44.40%,3.1,,,,,,,,4,7,28,1,0
Ian Thomas,CAR,23,te,12,1,9,5,28,5.6,0,13,0.4,2.3,55.60%,3.1,,,,,,,,5,5.6,28,0,0
Pharaoh Brown,CLE,25,TE,9,6,3,2,27,13.5,0,18,0.2,3,66.70%,9,,,,,,,,2,13.5,27,0,0
Ryan Switzer,PIT,25,WR,9,0,11,8,27,3.4,0,8,0.9,3,72.70%,2.5,,,,,,,,8,3.4,27,0,1
Jay Ajayi,PHI,26,RB,2,0,0,0,0,,0,0,0,0,0.00%,,8,25,0,11,3.1,12.5,4,8,3.1,25,0,0
Dan Arnold,NOR,24,TE,2,0,4,2,25,12.5,0,19,1,12.5,50.00%,6.3,,,,,,,,2,12.5,25,0,0
Russell Shepard,NYG,29,WR,3,0,8,3,25,8.3,0,12,1,8.3,37.50%,3.1,,,,,,,,3,8.3,25,0,0
Chris Hogan,CAR,32,WR,4,0,5,3,24,8,0,12,0.8,6,60.00%,4.8,,,,,,,,3,8,24,0,0
Philip Rivers,LAC,38,QB,12,12,0,0,0,,0,0,0,0,0.00%,,10,24,0,12,2.4,2,0.8,10,2.4,24,0,6
C.J. Board,JAX,26,WR,2,0,3,1,23,23,0,23,0.5,11.5,33.30%,7.7,,,,,,,,1,23,23,0,0
Nick Foles,JAX,30,qb,4,4,0,0,0,,0,0,0,0,0.00%,,4,23,0,13,5.8,5.8,1,4,5.8,23,0,2
J.P. Holtz,CHI,26,TE,11,3,3,2,23,11.5,0,16,0.2,2.1,66.70%,7.7,,,,,,,,2,11.5,23,0,0
T.J. Logan,TAM,25,RB,12,0,3,2,13,6.5,0,11,0.2,1.1,66.70%,4.3,3,10,0,6,3.3,0.8,0.3,5,4.6,23,0,0
Michael Crabtree,ARI,32,wr,2,1,5,4,22,5.5,0,9,2,11,80.00%,4.4,,,,,,,,4,5.5,22,0,0
Jesper Horsted,CHI,22,TE,2,1,2,2,22,11,1,18,1,11,100.00%,11,,,,,,,,2,11,22,1,0
Fred Brown,DEN,26,wr,9,1,3,2,21,10.5,0,16,0.2,2.3,66.70%,7,,,,,,,,2,10.5,21,0,1
Chris Moore,BAL,26,wr,10,1,5,3,21,7,0,13,0.3,2.1,60.00%,4.2,,,,,,,,3,7,21,0,0
Josh Bellamy,NYJ,30,WR,7,0,3,2,20,10,0,15,0.3,2.9,66.70%,6.7,,,,,,,,2,10,20,0,0
Nick Bellore,SEA,30,RB,11,1,1,1,20,20,0,20,0.1,1.8,100.00%,20,,,,,,,,1,20,20,0,0
Joe Flacco,DEN,34,QB,8,8,0,0,0,,0,0,0,0,0.00%,,12,20,0,9,1.7,2.5,1.5,12,1.7,20,0,8
Deonte Harris,NOR,22,WR,10,0,3,3,10,3.3,0,9,0.3,1,100.00%,3.3,1,10,0,10,10,1,0.1,4,5,20,0,2
MyCole Pruitt,TEN,27,TE,12,7,3,1,20,20,0,20,0.1,1.7,33.30%,6.7,,,,,,,,1,20,20,0,0
Andre Roberts,BUF,31,WR,10,0,5,2,13,6.5,0,7,0.2,1.3,40.00%,2.6,1,7,0,7,7,0.7,0.1,3,6.7,20,0,1
Troy Fumagalli,DEN,24,te,7,4,5,3,19,6.3,1,9,0.4,2.7,60.00%,3.8,,,,,,,,3,6.3,19,1,0
Marqise Lee,JAX,28,wr,6,1,4,3,18,6,0,8,0.5,3,75.00%,4.5,1,1,0,1,1,0.2,0.2,4,4.8,19,0,0
Devontae Booker,DEN,27,RB,12,0,3,1,14,14,0,14,0.1,1.2,33.30%,4.7,1,4,0,4,4,0.3,0.1,2,9,18,0,0
Jared Goff,LAR,25,QB,12,12,0,0,0,,0,0,0,0,0.00%,,22,18,2,8,0.8,1.5,1.8,22,0.8,18,2,10
Donte Moncrief,CAR,26,WR,8,2,15,4,18,4.5,0,11,0.5,2.3,26.70%,1.2,,,,,,,,4,4.5,18,0,0
Stanley Morgan,CIN,23,WR,8,0,9,3,18,6,0,9,0.4,2.3,33.30%,2,,,,,,,,3,6,18,0,0
Alex Armah,CAR,25,RB,12,1,2,2,6,3,0,4,0.2,0.5,100.00%,3,6,11,1,4,1.8,0.9,0.5,8,2.1,17,1,0
Nick Bawden,DET,23,RB,10,2,6,4,17,4.3,0,10,0.4,1.7,66.70%,2.8,,,,,,,,4,4.3,17,0,0
Darius Jennings,TEN,27,WR,7,0,5,2,17,8.5,0,11,0.3,2.4,40.00%,3.4,,,,,,,,2,8.5,17,0,0
Trevon Wesco,NYJ,24,te,12,1,1,1,15,15,0,15,0.1,1.3,100.00%,15,1,2,0,2,2,0.2,0.1,2,8.5,17,0,0
Ventell Bryant,DAL,23,WR,8,0,1,1,15,15,1,15,0.1,1.9,100.00%,15,,,,,,,,1,15,15,1,0
Drew Lock,DEN,23,qb,1,1,0,0,0,,0,0,0,0,0.00%,,3,15,0,8,5,15,3,3,5,15,0,0
Josh Oliver,JAX,22,te,4,1,6,3,15,5,0,6,0.8,3.8,50.00%,2.5,,,,,,,,3,5,15,0,0
Ryan Grant,OAK,29,wr,2,1,9,4,14,3.5,0,9,2,7,44.40%,1.6,,,,,,,,4,3.5,14,0,0
Robert Griffin,BAL,29,QB,4,0,0,0,0,,0,0,0,0,0.00%,,8,14,0,9,1.8,3.5,2,8,1.8,14,0,0
Colt McCoy,WAS,33,qb,1,1,0,0,0,,0,0,0,0,0.00%,,2,14,0,9,7,14,2,2,7,14,0,2
Ashton Dulin,IND,22,WR,9,0,1,1,13,13,0,13,0.1,1.4,100.00%,13,,,,,,,,1,13,13,0,0
Hale Hentges,WAS,23,te,7,2,5,2,13,6.5,0,13,0.3,1.9,40.00%,2.6,,,,,,,,2,6.5,13,0,0
Cody Hollister,TEN,26,WR,2,0,2,2,13,6.5,0,11,1,6.5,100.00%,6.5,,,,,,,,2,6.5,13,0,0
Josh Rosen,MIA,22,qb,6,3,0,0,0,,0,0,0,0,0.00%,,3,13,0,6,4.3,2.2,0.5,3,4.3,13,0,1
Justin Watson,TAM,24,WR,12,0,2,1,13,13,0,13,0.1,1.1,50.00%,6.5,,,,,,,,1,13,13,0,0
Josh Adams,NYJ,23,RB,3,0,0,0,0,,0,0,0,0,0.00%,,8,12,0,10,1.5,4,2.7,8,1.5,12,0,0
Tom Brady,NWE,42,QB,12,12,0,0,0,,0,0,0,0,0.00%,,18,12,3,13,0.7,1,1.5,18,0.7,12,3,4
Sean Culkin,LAC,26,te,4,2,2,1,12,12,0,12,0.3,3,50.00%,6,,,,,,,,1,12,12,0,0
Damien Harris,NWE,22,RB,2,0,0,0,0,,0,0,0,0,0.00%,,4,12,0,13,3,6,2,4,3,12,0,0
Tanner Hudson,TAM,25,te,6,1,3,1,12,12,0,12,0.2,2,33.30%,4,,,,,,,,1,12,12,0,0
Antony Auclair,TAM,26,te,8,5,3,1,11,11,0,11,0.1,1.4,33.30%,3.7,,,,,,,,1,11,11,0,0
Kevin Byard,TEN,26,FS/s,12,12,1,1,11,11,0,11,0.1,0.9,100.00%,11,,,,,,,,1,11,11,0,0
Robert Davis,WAS,24,wr,3,1,2,1,11,11,0,11,0.3,3.7,50.00%,5.5,,,,,,,,1,11,11,0,0
Case Keenum,WAS,31,QB,8,7,0,0,0,,0,0,0,0,0.00%,,8,11,0,9,1.4,1.4,1,8,1.4,11,0,6
Da'Mari Scott,NYG,24,wr,1,1,2,1,11,11,0,11,1,11,50.00%,5.5,,,,,,,,1,11,11,0,0
Blake Bell,KAN,28,TE,11,6,8,3,10,3.3,0,7,0.3,0.9,37.50%,1.3,,,,,,,,3,3.3,10,0,0
Scott Simonson,NYG,27,TE,2,0,1,1,10,10,0,10,0.5,5,100.00%,10,,,,,,,,1,10,10,0,0
De'Anthony Thomas,KAN,26,WR,10,0,2,1,6,6,0,6,0.1,0.6,50.00%,3,1,4,0,4,4,0.4,0.1,2,5,10,0,3
Levine Toilolo,SFO,28,TE,10,0,2,2,10,5,0,8,0.2,1,100.00%,5,,,,,,,,2,5,10,0,0
Austin Carr,NOR,26,wr,6,3,4,1,9,9,0,9,0.2,1.5,25.00%,2.3,,,,,,,,1,9,9,0,0
Isaiah Ford,MIA,23,WR,4,0,6,2,9,4.5,0,7,0.5,2.3,33.30%,1.5,,,,,,,,2,4.5,9,0,0
John Kelly,LAR,23,RB,3,0,0,0,0,,0,0,0,0,0.00%,,3,9,0,6,3,3,1,3,3,9,0,0
Ben Koyack,JAX,26,te,7,2,3,1,9,9,0,9,0.1,1.3,33.30%,3,,,,,,,,1,9,9,0,0
Johnny Mundt,LAR,25,te,9,1,3,1,9,9,0,9,0.1,1,33.30%,3,,,,,,,,1,9,9,0,0
Jordan Scarlett,CAR,23,RB,9,0,0,0,0,,0,0,0,0,0.00%,,4,9,0,6,2.3,1,0.4,4,2.3,9,0,0
Keith Smith,ATL,27,RB,12,4,2,0,0,,0,0,0,0,0.00%,0,4,9,0,3,2.3,0.8,0.3,4,2.3,9,0,0
Mike Thomas,LAR,25,WR,12,0,4,1,9,9,0,9,0.1,0.8,25.00%,2.3,,,,,,,,1,9,9,0,0
Eli Manning,NYG,38,qb,2,2,0,0,0,,0,0,0,0,0.00%,,2,8,0,6,4,4,1,2,4,8,0,2
Clive Walford,MIA,28,te,4,2,2,1,8,8,0,8,0.3,2,50.00%,4,,,,,,,,1,8,8,0,0
DeAndrew White,CAR,28,WR,6,0,1,1,8,8,0,8,0.2,1.3,100.00%,8,,,,,,,,1,8,8,0,0
Tony Brooks-James,PIT,25,RB,3,0,0,0,0,,0,0,0,0,0.00%,,8,7,0,8,0.9,2.3,2.7,8,0.9,7,0,0
Dwayne Harris,OAK,32,WR,3,0,1,1,7,7,0,7,0.3,2.3,100.00%,7,,,,,,,,1,7,7,0,0
Chris Herndon,NYJ,23,TE,1,0,2,1,7,7,0,7,1,7,50.00%,3.5,,,,,,,,1,7,7,0,0
Ben Roethlisberger,PIT,37,qb,2,2,0,0,0,,0,0,0,0,0.00%,,1,7,0,7,7,3.5,0.5,1,7,7,0,1
Chase Daniel,CHI,33,qb,3,1,0,0,0,,0,0,0,0,0.00%,,6,6,0,4,1,2,2,6,1,6,0,0
Dalton Schultz,DAL,23,TE,12,0,1,1,6,6,0,6,0.1,0.5,100.00%,6,,,,,,,,1,6,6,0,0
Michael Walker,JAX,23,WR,4,0,2,1,6,6,0,6,0.3,1.5,50.00%,3,,,,,,,,1,6,6,0,1
Buddy Howell,HOU,23,RB,12,0,0,0,0,,0,0,0,0,0.00%,,2,5,0,4,2.5,0.4,0.2,2,2.5,5,0,0
Jakob Johnson,NWE,25,RB,4,3,2,1,5,5,0,5,0.3,1.3,50.00%,2.5,,,,,,,,1,5,5,0,0
Javorius Allen,NYG,28,RB,6,0,0,0,0,,0,0,0,0,0.00%,,1,4,0,4,4,0.7,0.2,1,4,4,0,0
Darrell Daniels,ARI,25,TE,9,0,2,1,4,4,0,4,0.1,0.4,50.00%,2,,,,,,,,1,4,4,0,0
Erik Harris,OAK,29,S,12,10,0,0,0,,0,0,0,0,0.00%,,1,4,0,4,4,0.3,0.1,1,4,4,0,0
Brian Hoyer,IND,34,qb,3,1,0,0,0,,0,0,0,0,0.00%,,5,4,0,6,0.8,1.3,1.7,5,0.8,4,0,2
Alfred Morris,ARI,31,RB,1,0,0,0,0,,0,0,0,0,0.00%,,1,4,0,4,4,4,1,1,4,4,0,0
Roosevelt Nix,PIT,27,RB,3,0,3,2,4,2,0,4,0.7,1.3,66.70%,1.3,,,,,,,,2,2,4,0,0
James Develin,NWE,31,RB,2,2,0,0,0,,0,0,0,0,0.00%,,2,3,0,2,1.5,1.5,1,2,1.5,3,0,0
Xavier Grimble,PIT,27,te,3,1,3,1,3,3,0,3,0.3,1,33.30%,1,,,,,,,,1,3,3,0,0
Dalyn Dawkins,TEN,25,RB,1,0,0,0,0,,0,0,0,0,0.00%,,2,2,0,1,1,2,2,2,1,2,0,0
Matt Haack,MIA,25,P,12,0,0,0,0,,0,0,0,0,0.00%,,1,2,0,2,2,0.2,0.1,1,2,2,0,0
Dexter Williams,GNB,22,RB,3,0,0,0,0,,0,0,0,0,0.00%,,3,2,0,2,0.7,0.7,1,3,0.7,2,0,0
David Blough,DET,24,qb,1,1,0,0,0,,0,0,0,0,0.00%,,1,1,0,1,1,1,1,1,1,1,0,0
Dennis Kelly,TEN,29,t,11,4,1,1,1,1,1,1,0.1,0.1,100.00%,1,,,,,,,,1,1,1,1,0
David Quessenberry,TEN,29,OT,4,0,1,1,1,1,1,1,0.3,0.3,100.00%,1,,,,,,,,1,1,1,1,0
Jason Sanders,MIA,24,K,12,0,1,1,1,1,1,1,0.1,0.1,100.00%,1,,,,,,,,1,1,1,1,0
Darrius Shepherd,GNB,24,WR,6,0,2,1,1,1,0,1,0.2,0.2,50.00%,0.5,,,,,,,,1,1,1,0,1
Vita Vea,TAM,24,DL/dt,12,12,1,1,1,1,1,1,0.1,0.1,100.00%,1,,,,,,,,1,1,1,1,0
